timestamp,level,user_id,action,status
"2026-02-23 08:22:17,394",ERROR,user_0014,view_page,failure
"2026-02-23 08:22:17,894",ERROR,user_0013,login,failure
"2026-02-23 08:22:18,395",WARNING,user_0015,login,delayed
"2026-02-23 08:22:18,895",WARNING,user_0011,login,delayed
"2026-02-23 08:22:19,395",ERROR,user_0015,purchase,failure
"2026-02-23 08:22:19,895",INFO,user_0013,view_page,success
"2026-02-23 08:22:20,396",WARNING,user_0016,view_page,delayed
"2026-02-23 08:22:20,896",ERROR,user_0010,purchase,failure
"2026-02-23 08:22:21,396",ERROR,user_0019,view_page,failure
"2026-02-23 08:22:21,897",INFO,user_0011,data_fetch,success
"2026-02-23 08:22:22,397",ERROR,user_0015,data_fetch,failure
"2026-02-23 08:22:22,897",ERROR,user_0010,login,failure
"2026-02-23 08:22:23,397",ERROR,user_0015,logout,failure
"2026-02-23 08:22:23,898",INFO,user_0010,data_fetch,success
"2026-02-23 08:22:24,398",WARNING,user_0019,data_fetch,delayed
"2026-02-23 08:22:24,899",ERROR,user_0016,logout,failure
"2026-02-23 08:22:25,400",ERROR,user_0018,purchase,failure
"2026-02-23 08:22:25,900",INFO,user_0016,login,success
"2026-02-23 08:22:26,401",INFO,user_0012,logout,success
"2026-02-23 08:22:26,901",ERROR,user_0018,view_page,failure
"2026-02-23 08:22:27,401",ERROR,user_0018,logout,failure
"2026-02-23 08:22:27,902",ERROR,user_0011,logout,failure
"2026-02-23 08:22:28,402",INFO,user_0011,data_fetch,success
"2026-02-23 08:22:28,902",ERROR,user_0010,purchase,failure
"2026-02-23 08:22:29,402",ERROR,user_0015,data_fetch,failure
"2026-02-23 08:22:29,903",WARNING,user_0013,purchase,delayed
"2026-02-23 08:22:30,403",INFO,user_0013,logout,success
"2026-02-23 08:22:30,903",INFO,user_0016,view_page,success
"2026-02-23 08:22:31,404",ERROR,user_0017,login,failure
"2026-02-23 08:22:31,904",WARNING,user_0018,login,delayed
"2026-02-23 08:22:32,404",ERROR,user_0018,logout,failure
"2026-02-23 08:22:32,904",INFO,user_0019,login,success
"2026-02-23 08:22:33,405",ERROR,user_0010,login,failure
"2026-02-23 08:22:33,905",ERROR,user_0012,logout,failure
"2026-02-23 08:22:34,406",ERROR,user_0013,logout,failure
"2026-02-23 08:22:34,906",ERROR,user_0015,view_page,failure
"2026-02-23 08:22:35,406",ERROR,user_0017,view_page,failure
"2026-02-23 08:22:35,907",ERROR,user_0019,login,failure
"2026-02-23 08:22:36,407",WARNING,user_0017,login,delayed
"2026-02-23 08:22:36,907",ERROR,user_0013,purchase,failure
"2026-02-23 08:22:37,408",WARNING,user_0015,view_page,delayed
"2026-02-23 08:22:37,908",ERROR,user_0012,logout,failure
"2026-02-23 08:22:38,408",ERROR,user_0010,login,failure
"2026-02-23 08:22:38,908",WARNING,user_0013,login,delayed
"2026-02-23 08:22:39,409",WARNING,user_0013,data_fetch,delayed
"2026-02-23 08:22:39,909",ERROR,user_0010,view_page,failure
"2026-02-23 08:22:40,410",ERROR,user_0012,view_page,failure
"2026-02-23 08:22:40,910",WARNING,user_0012,data_fetch,delayed
"2026-02-23 08:22:41,410",WARNING,user_0011,view_page,delayed
"2026-02-23 08:22:41,911",ERROR,user_0010,purchase,failure
"2026-02-23 08:22:42,411",WARNING,user_0014,login,delayed
"2026-02-23 08:22:42,912",INFO,user_0013,purchase,success
"2026-02-23 08:22:43,412",WARNING,user_0016,view_page,delayed
"2026-02-23 08:22:43,912",WARNING,user_0010,view_page,delayed
"2026-02-23 08:22:44,412",INFO,user_0018,view_page,success
"2026-02-23 08:22:44,913",WARNING,user_0015,login,delayed
"2026-02-23 08:22:45,413",ERROR,user_0011,logout,failure
"2026-02-23 08:22:45,913",WARNING,user_0010,login,delayed
"2026-02-23 08:22:46,414",ERROR,user_0014,view_page,failure
"2026-02-23 08:22:46,914",WARNING,user_0010,purchase,delayed
"2026-02-23 08:22:47,414",ERROR,user_0019,logout,failure
"2026-02-23 08:22:47,915",WARNING,user_0011,logout,delayed
"2026-02-23 08:22:48,415",INFO,user_0019,login,success
"2026-02-23 08:22:48,915",WARNING,user_0019,logout,delayed
"2026-02-23 08:22:49,415",WARNING,user_0012,data_fetch,delayed
"2026-02-23 08:22:49,916",WARNING,user_0017,view_page,delayed
"2026-02-23 08:22:50,417",WARNING,user_0016,view_page,delayed
"2026-02-23 08:22:50,917",INFO,user_0016,login,success
"2026-02-23 08:22:51,417",ERROR,user_0010,purchase,failure
"2026-02-23 08:22:51,918",ERROR,user_0016,logout,failure
"2026-02-23 08:22:52,418",ERROR,user_0017,login,failure
"2026-02-23 08:22:52,918",WARNING,user_0010,view_page,delayed
"2026-02-23 08:22:53,418",INFO,user_0010,login,success
"2026-02-23 08:22:53,919",INFO,user_0013,data_fetch,success
"2026-02-23 08:22:54,419",ERROR,user_0013,logout,failure
"2026-02-23 08:22:54,919",WARNING,user_0013,login,delayed
"2026-02-23 08:22:55,420",INFO,user_0018,login,success
"2026-02-23 08:22:55,920",WARNING,user_0016,data_fetch,delayed
"2026-02-23 08:22:56,420",WARNING,user_0016,purchase,delayed
"2026-02-23 08:22:56,921",ERROR,user_0013,data_fetch,failure
"2026-02-23 08:22:57,421",ERROR,user_0013,view_page,failure
"2026-02-23 08:22:57,921",WARNING,user_0011,purchase,delayed
"2026-02-23 08:22:58,422",ERROR,user_0017,login,failure
"2026-02-23 08:22:58,922",WARNING,user_0019,view_page,delayed
"2026-02-23 08:22:59,423",ERROR,user_0013,login,failure
"2026-02-23 08:22:59,923",WARNING,user_0015,logout,delayed
"2026-02-23 08:23:00,423",INFO,user_0017,logout,success
"2026-02-23 08:23:00,924",WARNING,user_0015,logout,delayed
"2026-02-23 08:23:01,424",ERROR,user_0018,data_fetch,failure
"2026-02-23 08:23:01,924",WARNING,user_0012,purchase,delayed
"2026-02-23 08:23:02,425",WARNING,user_0018,view_page,delayed
"2026-02-23 08:23:02,925",WARNING,user_0010,view_page,delayed
"2026-02-23 08:23:03,426",ERROR,user_0012,logout,failure
"2026-02-23 08:23:03,926",WARNING,user_0013,purchase,delayed
"2026-02-23 08:23:04,426",INFO,user_0013,purchase,success
"2026-02-23 08:23:04,927",WARNING,user_0017,data_fetch,delayed
"2026-02-23 08:23:05,427",INFO,user_0011,purchase,success
"2026-02-23 08:23:05,927",INFO,user_0016,logout,success
"2026-02-23 08:23:06,428",ERROR,user_0015,logout,failure
"2026-02-23 08:23:06,928",INFO,user_0014,login,success
